Beer,Manufacturer
Kentucky Brunch Brand Stout,Toppling Goliath Brewing Company
Marshmallow Handjee,3 Floyds Brewing Co.
Barrel-Aged Abraxas,Perennial Artisan Ales
King Julius,Tree House Brewing Company
Heady Topper,The Alchemist Brewery
Very Hazy,Tree House Brewing Company
Guinness,Diageo
Mil's Best Ice,Molson Coors Brewing Company
Corona Light,Constellation Brands
Icehouse,Molson Coors Brewing Company
Steel Reserve,The Steel Brewing Company
Coors Banquet,Molson Coors Brewing Company
Dos Equis,Heineken International
Blue Moon,Molson Coors Brewing Company
Yuengling Lager,D.G. Yuengling & Son
Natural Ice,Anheuser-Busch InBev
Pabst Blue Ribbon,Blue Ribbon Intermediate Holdings
Bud Ice,Anheuser-Busch InBev
Stella Artois,Anheuser-Busch InBev
Miller High Life,Molson Coors Brewing Company
Keystone Light,Molson Coors Brewing Company
Heineken,Heineken International
Busch,Anheuser-Busch InBev
Natural Light,Anheuser-Busch InBev
Modelo especial,Constellation Brands
Michelob Ultra,Anheuser-Busch InBev
Miller Lite,Molson Coors Brewing Company
Budweiser,Anheuser-Busch InBev
Coors Light,Molson Coors Brewing Company
Bud Light,Anheuser-Busch InBev
Breakfast Stout,Founders Brewing Company
90 Minute IPA,Dogfish Head Craft Brewery
Sculpin IPA,Ballast Point Brewing Company
KBS,Founders Brewing Company
60 Minute IPA,Dogfish Head Craft Brewery
Lagunitas Sucks,Lagunitas Brewing Company
Arrogant Bastard Ale,Arrogant Consortia
Centennial IPA,Founders Brewing Company
Backwoods Bastard,Founders Brewing Company
